EventTime,EventReceivedTime,Hostname,Keywords,EventType,SeverityValue,Severity,EventID,SourceName,ProviderGuid,Version,Task,OpcodeValue,RecordNumber,ProcessID,ThreadID,Channel,Domain,AccountName,UserID,AccountType,LogonType,IpAddress,IpPort,DeviceInstanceId,DeviceCount,Message,Opcode,PackageFullName,AppUserModelId,AppSettings,FunctionName,ErrorCode,SourceModuleName,SourceModuleType
2025-02-22 10:33:50,2025-02-22 09:50:22,laptop-75.ward-jackson.com,-9179106021351650499,WARNING,5,INFO,4028,"Santos, Baker and Walker",8f372612-3280-4f33-bf56-f49dbc238758,3,2,2,20605,5817,2059,include,pittman.org,alexhernandez,ac5ecee2-42b0-4eb4-91bc-afd66554ec21,Admin,Network,11.165.20.185,63233,4ba8ef01-c6bc-4e85-b22e-ca52860a9401,8,Range man table several strategy right.,share,idea,93e420e1-593d-44c4-a14c-7fc576160ef5,5673,own,10,structure,major
2025-02-22 10:35:44,2025-02-22 09:55:50,db-04.thompson.com,-7056833195144373220,ERROR,3,ERROR,5923,Steele-Long,a949632d-8eeb-4ea3-be7e-b656fd1b397f,2,9,0,48,1997,7514,create,palmer-mills.com,jessica35,ba6d90f9-4b68-4317-8615-9121c67e1540,User,RemoteInteractive,116.88.156.214,57940,46534f0f-7c01-4d77-9409-cd21d87a64a3,2,Even bit side this light.,effect,stuff,d38404c2-a9eb-4cb4-96b3-688d96fc445e,3951,big,8,tough,story
2025-02-22 10:08:02,2025-02-22 10:12:36,web-54.brown.net,7062028539467881465,WARNING,1,WARNING,3280,Zavala-King,350164c8-46da-4450-aefe-d506383e19f8,5,9,0,725,8696,3062,economy,jackson-stone.com,tandersen,75d79c0b-5257-42db-899d-bc9ee46e19bb,Admin,RemoteInteractive,220.32.37.231,54166,be73e410-57db-47e8-af03-44d385964524,7,Drug item structure check discover say.,while,full,94c10bef-8ca7-4774-94a5-46b2728a0ecc,6692,TV,11,administration,free
2025-02-22 10:48:03,2025-02-22 10:19:31,desktop-41.flores.com,-1518513911744900995,INFO,1,INFO,9057,"Green, Torres and Ayala",5c114ad3-ae02-4c5a-aeca-c5beddbd5f13,1,10,1,45491,8522,7834,big,moss.biz,goodmanjake,014b1f28-89db-4a85-b342-170662b9191b,User,Network,16.177.252.20,9748,676d674c-79ae-43cf-8895-ee0627f34822,3,Reason live end rest.,result,instead,9d474716-a3e1-4ed5-bead-7f68843010a6,5014,debate,391,them,everyone
2025-02-22 10:38:18,2025-02-22 10:09:03,email-64.mccall.org,-8186358909087731809,ERROR,1,WARNING,7357,"Gonzales, Herring and King",aec644e9-9840-4719-8173-4a2ec501f27c,1,5,2,44085,1925,9143,dog,harris.com,ucarson,3e607272-b630-45b5-96ca-8270b69aa101,Admin,RemoteInteractive,108.93.220.234,43066,ad5b01ae-674b-40e5-a977-e215e3ad7da2,9,Dream play outside own.,boy,rise,03495a40-e445-4c65-99de-5d8f909ff5b1,6932,employee,771087,contain,analysis
2025-02-22 09:49:26,2025-02-22 10:25:15,srv-13.nichols.com,664512713201920675,WARNING,5,INFO,5141,"Smith, Medina and Gonzalez",30092547-bd8e-4cd2-a20e-cb85e2b39f47,2,10,3,46198,2442,2218,throw,adams.com,rosejacqueline,43a0d049-f57b-4703-8f3b-f9a1b1e4f5a8,Admin,RemoteInteractive,214.107.84.167,54768,3ddb05b8-67a6-46d3-a3dc-205d73e7a362,8,Approach know attack.,surface,evidence,5a191648-d0f4-4e26-b552-9f22ed1dfbe0,1791,hour,3,memory,the
2025-02-22 10:35:56,2025-02-22 10:09:09,laptop-20.carlson-miller.com,-6059694315813595458,WARNING,5,ERROR,1671,"Wilson, Maldonado and Tanner",36c0ccb7-2fe8-47ea-b937-a69eaea26ae6,0,0,4,49272,4780,3347,determine,rodriguez-fleming.com,ocole,5acaa76b-ab98-4258-be56-e386590ada79,Admin,Interactive,128.19.115.71,58614,ade7743a-0092-424e-ae10-9f0e2004d25a,7,Purpose without suddenly under.,send,book,0d2b608c-46a1-4164-9264-8dba12f2a563,7853,body,44028,notice,identify
2025-02-22 10:33:47,2025-02-22 10:15:08,email-06.palmer.com,5151765498536364050,INFO,2,WARNING,5366,"Christensen, Mitchell and Shields",ebb134e0-7e8a-47ab-b2f4-f6c3af2c20ee,2,0,3,39561,9428,9621,soon,perry.biz,jody15,a1942d4c-635b-48ac-87d7-7b57c170fe24,User,RemoteInteractive,10.188.253.229,15750,0063b3a6-02b8-4fc5-8256-859ba18c7a1d,4,Growth show program wind event.,consider,become,8aafa7db-3897-484a-9d88-9f251406d90b,9867,thank,9,total,work
2025-02-22 10:33:55,2025-02-22 10:26:27,email-69.henry.com,230961971978370091,INFO,3,WARNING,5843,"Wade, Parker and Mack",4997d213-93ed-4140-a4ef-a1feb0d73cf8,2,10,2,41739,5652,9478,possible,hogan-davis.com,kentgary,a6559da7-3f82-47ea-bcb2-bb505c17d69b,User,RemoteInteractive,54.86.0.165,17278,bbd36e7f-fd35-48b3-a99c-2701fb19d3e8,1,High spring cause set.,world,why,996657ef-1476-477a-8a70-66bc4396b239,4718,nothing,4067772,night,truth
2025-02-22 10:48:42,2025-02-22 09:52:21,web-33.holder.info,-5815003422441726284,WARNING,3,ERROR,4669,Brown Inc,d7309bf5-15b2-4d9a-a23b-c352ae39bd60,4,9,5,8287,5973,2696,since,taylor-hamilton.biz,larsonjessica,29837262-9cf3-4d85-9cd9-52c5072c89af,Admin,Network,2.63.4.176,48980,0160fec3-83eb-40d6-b7b0-88cb301d2332,3,Media ahead explain view.,commercial,foreign,377d6c56-af79-47e6-811e-17720d2f8e39,9400,owner,108478146,blood,large
2025-02-22 10:42:36,2025-02-22 10:45:33,email-73.smith.com,5367078187256257963,INFO,3,WARNING,3042,Gonzalez Inc,fc952d71-2ea4-440c-b08d-1900fa443152,3,6,0,44505,1331,2614,hand,hamilton.com,wrighttara,c9ef99e5-3407-4993-98b0-08497209ee0c,User,Interactive,39.160.174.63,52567,0c88fb48-3412-449b-a4b4-0a09e400c3ff,6,Face why send her tonight population court.,billion,young,5a5abbfe-567a-49f7-8554-51b76687be1d,3449,conference,757958,sound,myself
2025-02-22 09:57:19,2025-02-22 10:45:27,db-40.walker-rollins.com,2559223123160470282,WARNING,4,WARNING,3563,"Jones, Silva and Daniels",175e76eb-3399-4e63-b59a-c958413441ae,2,9,0,12823,2319,6058,present,murray-cunningham.com,jacquelinemurphy,ddff6370-9e6c-4c4b-9089-c6a2ac8efe3a,Admin,Interactive,10.51.85.157,30124,e2438cfb-fab0-4f99-b637-6e6e90dd94fc,5,Manager something in teacher work.,important,popular,4d5b04c1-5646-4572-8686-b3133f0a5595,3132,policy,5853,line,fact
2025-02-22 10:13:18,2025-02-22 09:55:45,laptop-81.wells-martinez.com,-5364244927475306507,INFO,4,WARNING,6481,"Jones, Wade and Gallegos",3cb9b00a-6d94-4be4-b547-fedef7495d94,1,5,1,4922,8677,3826,speech,ho.info,zcaldwell,4ecc423b-fc4c-42de-893f-addbacf1beae,User,RemoteInteractive,152.200.245.25,37853,68ae5c9d-a33b-4d03-88c6-23d0bee13a40,6,Event continue indeed according.,produce,guy,e2db78ed-21f0-4f12-b798-8d46dc11d4d6,3018,film,19,look,hand
2025-02-22 10:48:09,2025-02-22 10:08:16,web-49.payne.com,-3591838107327960012,WARNING,4,INFO,2323,Harper-Clements,abe3c50b-e04c-4ff4-8a9b-c150c05284f6,3,0,2,18286,1634,7325,chance,martin.org,reederin,53587228-0dd7-41e4-9abd-1ad8d3156307,Admin,RemoteInteractive,93.238.126.62,8794,a7f3fbd1-c06c-486b-a7d1-27990d8c2153,7,Occur including certain.,choice,explain,fbfd18e8-3b88-4d11-ba39-0e542ded3684,1236,stay,44190,design,example
2025-02-22 10:32:51,2025-02-22 09:58:48,web-58.campbell.info,-3121456442435862448,ERROR,2,WARNING,2570,Johnson Group,ecf67da9-8d0d-41bf-b904-1fbf0aca79f6,4,3,3,13606,4339,6843,yard,baldwin.com,jennifer59,6483b709-dc7b-49ac-9a51-1e6b43567012,Admin,Interactive,141.163.172.60,51241,ce5c391c-5742-45be-9fb9-544e668289e3,7,Letter report easy share us.,military,story,9a910b2f-ec4d-4cde-a9b8-7157bd198f1a,5813,black,8815,son,where
2025-02-22 10:35:06,2025-02-22 10:10:49,lt-04.contreras.info,281059781987548616,WARNING,3,WARNING,7624,Clark-Atkinson,0cbdeb5d-84d1-4f7b-ae01-8b976c25b137,5,9,0,17448,9003,2569,company,higgins.com,dcox,eac99fee-7d7e-4e15-a937-4ad71ac98057,User,Network,132.196.44.213,20720,f3778976-fbb9-414e-b69e-b4f96397d91f,2,High long expect guess and.,answer,understand,79b74beb-1bba-46d8-91e3-7dabd416de4f,1127,southern,72768503,commercial,central
2025-02-22 10:29:29,2025-02-22 10:27:48,db-76.brown.info,8524094630449372535,INFO,5,INFO,6607,Henry-Williams,61006ee7-76d8-4281-88fb-0f86af2053c4,3,8,0,40900,5731,4021,federal,patel.com,arielesparza,3ccc19d5-8b8d-49cd-9af4-2d05baa505ac,User,Interactive,155.50.106.62,5279,8edfbc60-0319-4e66-b6eb-750471f0ff65,1,Million manage recent six.,during,financial,046d05ee-e78a-4696-a86f-1d2827d835a4,9117,board,2,fish,go
2025-02-22 10:20:20,2025-02-22 09:50:36,db-14.morrison.com,-1930188944359662697,WARNING,4,WARNING,8496,Carlson-Ramirez,5761eab5-406f-4f3c-9209-e5787224a9f8,4,3,1,9206,7112,5979,bad,cruz.biz,xrichardson,ec426b0d-217d-432f-ad03-f5a2342d0511,User,Interactive,120.39.238.72,6270,8d5481bf-a33d-488b-a049-2fc45ed4daf2,9,Avoid radio interview image.,similar,common,9385ae89-93b0-466f-8095-07b2f14a3da8,7524,TV,54576,above,ball
2025-02-22 10:17:25,2025-02-22 09:57:14,laptop-04.ford-murphy.com,-7818578315135433405,WARNING,2,ERROR,9344,Johnson-Carlson,eb836017-c8e9-4f40-8f5b-69619511f194,2,3,4,14544,8510,2262,although,mack.com,michelerowe,e7fd575f-d523-4c6b-a481-e07a1c688b81,Admin,Network,165.219.172.10,3405,270893d0-e42c-4f72-9466-1a77c25ba078,5,Size continue item value do treat successful.,space,price,b6b317be-8349-4b02-a5f7-36ef19e45aad,9098,Congress,0,really,magazine
2025-02-22 10:27:08,2025-02-22 10:22:25,laptop-38.woods.com,-3046329206982786059,ERROR,3,ERROR,8915,"Hughes, Jordan and Douglas",c92deb55-25dc-45a7-ae00-44b4c5c66b4d,3,1,3,48793,5853,3197,bit,trujillo.com,zfranklin,7031cc95-6cc0-41b8-b7db-183c6a5f82f0,User,RemoteInteractive,24.10.181.191,19193,3c7c21f9-c18a-4d52-808f-b09a1a104fa8,9,Level forward far send.,exactly,growth,721f294a-bf3c-42b0-8366-ef3c02a26d12,3851,job,46560604,interesting,third
2025-02-22 10:17:43,2025-02-22 10:14:10,lt-65.russell.net,-2384954636932244134,INFO,3,WARNING,8822,Cannon-Wells,1d98c1a9-70a5-4053-893a-99216af32733,5,7,3,3423,8999,8683,contain,flores.biz,johnnyandrews,369943e6-339d-4af7-854d-bd1700f00e10,Admin,RemoteInteractive,190.127.164.109,42508,86bc4366-fb83-4799-a3db-75bb3131ae15,9,Person family trial trouble foot.,offer,pull,be27e8e3-c425-4fa3-845f-8c0d355d65c2,2602,beyond,7727988,back,large
2025-02-22 10:30:34,2025-02-22 10:07:39,laptop-84.weber.com,5031597610519416709,INFO,3,INFO,7680,Robles-Spencer,17fd65ac-b737-4c1f-8764-99a7d70f50f0,0,5,0,24249,2521,8997,option,richard.com,donnapotts,dcb64f9e-ee36-4f81-bb0c-d886b34b2e29,Admin,RemoteInteractive,3.136.75.231,52852,e54d0012-eb76-47d2-ac1c-4689e2b462d5,3,Technology parent however receive bag.,simple,entire,008fed4f-5248-42fc-98c6-68565afdf605,5956,onto,27543069,information,again
2025-02-22 10:38:26,2025-02-22 10:03:02,lt-18.murphy.com,3526904185385656228,INFO,2,INFO,9035,Barnes-Foster,98bdee8e-a2dc-4108-ac3b-be6a8f8dca25,0,9,1,11067,9969,1549,ground,owens-clark.org,conwaykristin,c2b0d43c-1edb-428b-a5e3-83ac7ec57bc1,User,RemoteInteractive,148.45.177.59,34316,4d322a19-37fb-4d74-8319-5ffa19e98089,1,Health enough represent against step reach.,run,middle,9c715159-edab-4705-9494-53783db5b450,5031,figure,8187867,provide,check
2025-02-22 10:22:22,2025-02-22 10:30:15,web-12.green.com,8450730338476578171,WARNING,3,WARNING,7957,"Stokes, Barber and Smith",685df9ec-9d99-48cc-b946-e9f503bc5d4b,5,0,3,30217,7847,7736,more,newton-poole.com,robinsonmason,89716c19-cfa7-408f-b8f8-322a6bcfdf46,User,Interactive,152.193.17.98,47809,64f1de33-cc3f-4959-a024-e225602adf82,5,Right serve space dog how.,although,avoid,3fdf59d9-3da9-47af-ae84-53845682a04b,7580,final,6246803,daughter,culture
2025-02-22 10:24:02,2025-02-22 10:30:13,desktop-31.ramirez-odom.biz,7071089943069469188,ERROR,2,WARNING,8187,Jones Group,2cfc0225-7c6f-45cf-94ac-56cbfbaef2e0,0,9,0,25893,9400,6941,behind,ellis.com,hhernandez,be6ea59c-b947-49bf-afba-ab4411c52cc7,User,RemoteInteractive,198.87.4.0,12868,56c46d24-37ee-489a-b5fb-a8517553523e,1,Enough book discuss very base key available.,seek,letter,adff6a0b-9986-482c-af99-013d56d2c0da,6198,for,0,speech,almost
2025-02-22 09:53:32,2025-02-22 10:48:28,laptop-54.waters.com,-2506996444164343987,WARNING,3,ERROR,5986,Montoya PLC,9aa2da41-be5e-4fd3-a112-5bdb0b31c057,2,2,2,23841,9553,3643,bag,duarte.com,gloriaadkins,d140713c-e300-41a6-9201-ee44b2c1360b,User,Network,11.175.48.6,23933,7b37449c-3c75-4a26-8e0f-d56098d23d88,6,Evidence interesting choose learn network.,person,east,69a3e02f-ce68-4bae-bc01-dd9e6041bd94,4302,note,35428515,painting,region
2025-02-22 09:55:49,2025-02-22 10:00:23,desktop-07.johnson.net,3410535057369672494,INFO,1,WARNING,7811,Hall LLC,a97e895a-49f6-4344-b36b-3373d5629e3a,4,10,2,19934,1000,7897,beyond,adams.info,hbrown,fbee92c5-2862-44f3-97e1-11ce7b97d2fe,User,RemoteInteractive,104.236.4.6,33653,0dbe9573-21bf-4a05-93f1-261d797233ac,7,Anything treat case group stay.,middle,should,e164d8fd-e1f7-44c5-8c38-cfa5532c703f,1467,face,1081154,onto,wonder
2025-02-22 09:58:36,2025-02-22 09:57:54,laptop-56.west.info,-1065214335318485210,WARNING,2,WARNING,7470,"Black, Schneider and Owens",30a43a33-295a-4d98-9793-6412484acaa0,1,10,0,37418,5769,3614,teacher,fields-sherman.org,lewisjuan,3d5b825b-a217-483a-a0b7-820ee3a84dfd,Admin,Network,6.197.219.170,41953,2e8ab1ff-bce8-4e97-9b59-ac508f5f705e,9,Debate improve address degree bill.,avoid,write,cf72c30d-b0aa-42cd-baa4-5691f4a0e2f9,8104,anyone,835,item,business
2025-02-22 10:35:51,2025-02-22 10:05:23,email-62.summers.com,-8368988908119394941,WARNING,4,WARNING,3560,Guerra-Bush,28548c2a-4370-4cf0-8aa4-9f1dd1ce593d,2,5,2,38000,5859,4610,report,mcgee.biz,sierrajones,7e33ccbe-e1b5-4819-9ce9-fbf8464f394b,Admin,Network,99.132.123.249,1306,7ee0d56e-1f46-40bb-b9c8-29fcaac75e85,2,And share general position yard half stand better.,nor,sound,25dcde54-2443-4e00-b9ec-96fd79cf4404,6854,hear,9114441,face,visit
2025-02-22 10:32:27,2025-02-22 09:50:56,web-53.washington.com,359126981596645867,WARNING,3,INFO,2391,Price-Weber,45471924-eaf5-453c-be95-576332e5f9b1,5,10,4,9262,7855,5728,ready,harris.org,davisdiane,22984b55-26fa-4d97-a0e5-e2595b4956c0,Admin,Interactive,97.235.184.147,3795,c57c3fcf-ab2b-4228-aa73-84c81d2333da,2,Development ago culture decade research over peace.,else,pretty,2d53bdbc-b3ae-460b-b487-9bad7eb8402e,3321,language,490,world,every
2025-02-22 10:27:40,2025-02-22 10:09:00,db-88.carrillo.biz,4268045325619249351,ERROR,4,WARNING,8434,"Galvan, Bush and Oconnell",f9e52166-559c-42e1-8674-fb79a47165cb,4,3,2,57,2835,6706,others,smith.com,ereynolds,48309cc0-29d1-4b0b-9197-ced240135693,Admin,Interactive,42.251.8.37,37137,8a20e2aa-eccb-44da-b88e-7ec37c2e4338,3,Surface thought weight shoulder.,paper,agency,5134f1d7-2795-4c3c-8358-38889cd99f63,3962,sea,647559609,vote,step
2025-02-22 10:39:16,2025-02-22 10:20:50,web-50.bell.com,7903246624873708671,INFO,2,WARNING,7213,"Johnson, Jensen and Washington",804b78a1-f81b-4bee-86d2-a0fa920c283f,0,2,2,7737,4223,4140,office,monroe.biz,jclark,55b96ed6-c267-47ed-a446-792948d5fa69,User,Network,179.40.175.240,38979,8a93f47d-2cea-4d92-ae4f-015767f75bb4,10,Page word poor future not.,music,statement,128128c7-8c7a-480d-abdb-711d5ab115fe,2884,miss,0,let,world
2025-02-22 09:51:41,2025-02-22 10:09:26,email-44.young-ramirez.com,7290043859648808874,WARNING,4,ERROR,1118,"Werner, Smith and Rice",3fc12074-6140-4148-880c-614a941740ae,5,5,0,29594,1269,6371,program,perez.com,raysheila,f6e20545-fbdf-44d1-8202-11acb299acb2,User,Network,194.42.103.105,37473,7f681c1f-2a60-4857-9171-2851d6bc9168,1,Close believe middle price design name.,sit,every,bed15893-1886-4760-ad06-bd78487aaf4e,9041,while,751,record,service
2025-02-22 10:12:22,2025-02-22 10:42:49,db-02.gonzalez-bradley.net,5021106088497532951,WARNING,2,INFO,7604,Moore-Murphy,e456a422-0c50-449a-a40b-18db3126507a,1,7,4,34821,1800,1459,already,may.biz,diazerica,533ac47e-d8c4-4b26-a88b-6e539a2c8304,User,Network,32.124.89.56,27793,93a1611b-3266-4881-addd-fb5e903ac47b,4,Newspaper paper scientist skill somebody responsibility nation.,study,low,a6456f42-2f55-4690-9fc3-7040f6704493,7850,staff,2814691,above,support
2025-02-22 10:22:15,2025-02-22 09:49:07,web-89.kim.com,7366123080818829302,WARNING,4,ERROR,1200,"Smith, Mills and Rivera",a66e2592-dac3-4a7a-bdbc-585d382b6146,5,3,5,16112,9317,7860,state,mason.net,jessica88,e8e75ba3-ab62-4860-98aa-773eec3561ae,User,RemoteInteractive,144.118.154.230,35864,4aa05b0d-a0d1-41d5-862c-3d7d2cbf1180,5,Along develop image grow really.,general,parent,fbe76189-3266-4968-aeef-5cf8b14c9b4d,7249,test,5398,see,approach
2025-02-22 10:25:46,2025-02-22 10:26:01,email-17.roberts.com,-2437277324594151861,INFO,4,INFO,2101,Wood-Ramsey,6b92ee05-10d0-4cf5-99f6-7990e89f82cc,4,1,3,43730,1609,3076,deep,jones.com,brittanydalton,604bf388-6c50-441c-994a-5ca421bfdfae,User,Interactive,114.253.31.245,36014,6007e94e-260d-4344-a33f-cc2461d13310,8,Various water source girl subject physical animal.,close,school,6d704cdb-0746-4c83-b5d7-4f04f2672f4a,4223,bill,21979505,whatever,population
2025-02-22 10:31:12,2025-02-22 10:00:16,db-71.morales.info,-8738774835689289289,WARNING,1,INFO,1572,"Medina, Wright and Stewart",5eed3516-6558-40cb-9c52-eef2b2774b17,4,2,5,44725,9235,3342,born,schmidt-swanson.com,dlam,ecd239b6-26d0-403a-a0d7-f9d0d468cc86,User,RemoteInteractive,189.189.208.134,41377,389dd1b3-349d-4066-9677-eab1538cf44f,7,Back window wish certain movie.,eight,strong,241ded17-84a5-4de2-a4bb-1d4e64285a8d,7041,cold,186503288,city,range
2025-02-22 10:27:51,2025-02-22 10:12:22,lt-37.smith.net,4745724202742809641,WARNING,4,INFO,5859,Warren Inc,c0c9b641-d2ed-41e0-afec-457815da09a7,4,6,0,42695,8414,7189,whose,gonzalez.com,reneesnyder,5eb3cbde-1390-42d9-9eba-9265ae0e5def,User,Interactive,50.20.224.142,39453,14010be2-924a-46c7-82e0-1f29bf883fb8,3,Term enough many.,whole,second,1ad502e3-09bf-467b-880a-85c309045177,3987,rich,60839,since,election
2025-02-22 10:42:09,2025-02-22 10:24:15,desktop-97.henderson.info,-3672734675308663486,INFO,1,INFO,5216,Davies-Hodges,24e7c7dc-8373-4e01-b165-27239cbde172,4,3,1,41842,5503,2390,everybody,williamson.net,smithsamantha,b5a4e1d6-2a96-4471-8066-124ee43c54d5,User,Network,157.30.52.59,45880,66dc8835-bef6-43ef-ba1f-1cda06f99db0,5,Professor compare seat understand interesting style indicate.,room,behind,cf16f95f-8305-44cc-80a9-386f5bd5b6c1,2089,various,5343,subject,live
2025-02-22 09:55:54,2025-02-22 10:10:24,laptop-70.rogers.com,4052341610823154967,ERROR,2,WARNING,2376,Kim Inc,f43c7949-6316-4dee-83b6-4264fb78e8c3,0,1,3,20263,7186,4409,image,tanner-burns.com,juan17,f4f4994e-b035-4494-a9ba-52538578ef36,User,Interactive,214.20.120.197,31666,50e9e614-a165-4296-afc2-e6dcd3e4d103,5,Hold media debate score produce central.,whatever,ask,3e9512b2-806a-4808-94b0-ca33991acd4f,9701,what,470,accept,million
2025-02-22 10:38:45,2025-02-22 09:58:45,laptop-30.robles.info,7457156917549199960,ERROR,2,INFO,5455,"Cruz, Schwartz and Duran",77bc6cb5-032c-4986-9c5e-f242d9ed7bcb,0,0,1,19914,2201,9603,everybody,graves.org,qbolton,876f8c6d-b6e6-4b9f-a144-96d5ca1ff8f4,Admin,RemoteInteractive,101.83.212.32,63652,21ae5933-6086-47db-881c-c76a29101ac3,10,Without region cultural experience remain white.,risk,behavior,2beab557-04a4-4d43-9a1a-52767bc2bc8b,7241,field,599,born,open
2025-02-22 10:01:50,2025-02-22 10:12:00,laptop-09.larson-campos.com,7846578045962628358,ERROR,3,ERROR,9363,Barrera-Taylor,23734920-d598-433f-8b17-a9727201918d,0,1,2,26274,1960,4054,party,vazquez.org,ronnie61,f7405279-4531-41bd-9a6f-1f1d360fc8ab,User,RemoteInteractive,2.73.165.59,32696,53fbb334-17a1-4a91-a812-5e58153aacaa,10,Term part billion car free move generation ok.,second,rock,363e107a-cc26-44f7-b970-a4888250b07e,6479,air,27,down,investment
2025-02-22 10:41:18,2025-02-22 10:44:39,email-18.taylor.com,-2923449426697778971,ERROR,4,ERROR,5207,Wright-Hernandez,2e6ff8e3-0fc0-4f8b-9097-c3ad15744fae,5,3,4,45650,8287,8510,as,young-wallace.com,lbest,ef7daed8-b619-47c4-a92d-68d5d601e265,User,Interactive,187.17.43.183,43455,942c60e3-125e-41af-b55f-ba061a9d4fc0,1,Government parent business issue.,party,power,1c788caf-ae9b-4f12-9f1c-da5974b104e0,4658,must,5441,all,site
2025-02-22 10:18:47,2025-02-22 09:59:59,laptop-55.hood-ellison.com,-7047733672192336700,INFO,1,ERROR,3134,Johnson-Woods,ac99475d-34ec-4ba4-af82-74ac964c0752,2,4,1,28251,4795,6245,three,campbell-cervantes.org,lcruz,e4d9bbd4-5d14-45f9-88e1-040c41b99698,User,Network,65.112.140.205,19142,29ab8b26-8afd-417f-9c4f-c1f9b6bab0fa,10,Medical give believe author.,involve,meeting,5ffc0fb8-8166-4262-8c7b-92bd38684ea2,9268,service,6163044,scientist,again
2025-02-22 10:35:32,2025-02-22 10:35:07,srv-92.maynard-hamilton.biz,9188263249966604318,ERROR,4,INFO,9414,Johnson PLC,89054903-7a07-4923-9143-41d02ab914ac,5,2,1,7940,9685,5436,sit,irwin-hall.com,georgedaniel,e04f6eba-dc3c-45bb-8f13-4eff155e2826,Admin,RemoteInteractive,57.232.112.18,39355,ff076166-3504-4523-9116-acd36097957f,6,Test idea large significant discover.,recent,fall,87508bff-4b6f-4380-8633-0d40944bcb54,1967,we,354100,conference,eye
2025-02-22 10:48:39,2025-02-22 10:32:33,email-13.cole.biz,-8134047956512937770,WARNING,1,ERROR,8412,Mills Inc,6b9cf0b7-a4c8-42ed-a9db-a9bc079693ec,3,2,0,16803,5526,6055,many,rowland.com,swang,086b74bc-32af-468c-9360-87be9b636d94,User,Interactive,92.99.65.51,52792,76aabbf8-fb8f-4057-b31d-0bc072978ce1,4,Interesting claim least manager do couple call.,certain,gas,d162fe04-bcdb-4975-b78d-814b17dfda8b,9111,war,763727,imagine,lot
2025-02-22 10:16:50,2025-02-22 10:48:17,lt-99.ray-terry.com,6847848441031246247,INFO,3,ERROR,8473,Roberts Inc,7e54fd2f-3c97-45c7-b599-0fbb3bcba7da,3,2,2,37508,7089,7255,could,oliver-lopez.com,evelyn66,8b6af806-9bb9-42b7-8153-35b7826663b7,User,Interactive,23.216.72.91,29582,682671ed-022f-4b10-83eb-af25acaa3221,10,Weight manager white former small.,toward,customer,04b0aa2d-672a-4abd-94a7-d81082ca4ca0,9063,question,12162754,like,again
2025-02-22 10:30:29,2025-02-22 10:14:26,db-89.oliver-davila.org,6980326241948423410,WARNING,2,INFO,9588,"Jackson, Stevenson and Smith",c6b32de5-8c3f-4056-a7e1-a5378aad375e,5,3,3,32202,8527,6759,nation,castaneda-williams.com,padillajeremy,ab7d48cc-9449-45f0-bc31-71b3d9f6abf0,User,Interactive,151.12.31.200,25588,08fa61d9-b070-4bea-9b90-fc075a8635ef,7,Quickly high democratic option everyone.,food,popular,a784bfa6-47be-4d9a-824f-2bca37adb62a,8459,computer,16647,range,those
2025-02-22 10:26:28,2025-02-22 10:35:44,db-80.carter.com,3338382947263148942,WARNING,5,ERROR,7370,Carr Ltd,53d0aa2b-5389-44d3-8bd5-83b7d2c22a68,5,5,4,5699,9838,2537,place,evans-christensen.info,rrobinson,95b0b666-84fb-479b-af3b-a5530555e9b5,User,Network,101.210.57.244,40039,9c2ef4b2-3b4f-4b47-aa71-ae7288978c3f,7,Activity approach sport gas Congress stand expect.,determine,trouble,060a3a8c-d425-4c21-8a1a-bbde101a550e,7808,enough,31,girl,western
2025-02-22 09:53:03,2025-02-22 10:37:43,desktop-52.turner.com,4047334466403333455,WARNING,2,WARNING,6367,Mcdaniel-Miller,84cb9ad1-6eb1-4686-906d-f1f50c386571,4,7,0,5658,8610,2150,hard,morris.org,dale73,18ab61b7-1aee-4a1d-8155-59f334a9cef9,Admin,Network,26.11.191.216,52674,95edb1de-72f9-4722-b806-d4da24eef159,6,Grow sing customer buy nor must.,prevent,various,8cd687ab-9564-474c-ba01-8489374ee88b,7743,ready,7,woman,staff
2025-02-22 10:36:55,2025-02-22 10:21:33,laptop-22.frederick-young.com,-5756337302787865246,ERROR,5,ERROR,5693,"Green, Golden and Murphy",14b03735-d06e-447a-8564-0ba083a79f75,4,10,2,38127,1622,7123,news,harris.info,derek42,f622916d-ef9f-47dc-8e4f-b811c1b94ca3,User,Interactive,169.151.149.49,56173,4cc9c32d-00d9-4b48-b58d-4d7817945ae0,6,Accept seem most check.,data,senior,5d4291fc-5bbe-4fe5-885b-bada10fcb337,1643,look,5807591,including,tell
2025-02-22 10:29:16,2025-02-22 10:29:45,db-41.stanley.com,-4988420934759747997,INFO,1,INFO,6519,Johnson PLC,2ff19cf4-5564-4c9b-956f-276f744e737e,4,10,0,36784,6196,4878,inside,johnston.com,austinfletcher,181b27d5-f7f9-42da-8d86-2f7eee959890,User,RemoteInteractive,79.12.215.24,63497,c6c58fc9-674a-4bb9-a80f-b3453e1ea975,6,Sister also number rule technology.,specific,ask,9f3fbe6a-a55e-4624-b870-967e3c3347f5,5849,floor,45383,black,last
2025-02-22 10:24:08,2025-02-22 10:20:38,laptop-90.turner.com,5183157306029419676,ERROR,2,INFO,4754,"Abbott, Guzman and Davis",b850f567-851a-4058-9b13-c251a674ebf7,3,9,5,30659,6763,5368,receive,williamson-reynolds.org,bobcarlson,756ee0b9-3471-45f4-bcda-25dc23066693,Admin,Interactive,183.146.127.194,30776,f96b9e2d-e75c-4208-a99b-65ff7fb1833a,1,Star choose already song nearly expect without.,your,firm,9082201f-f2af-4369-b874-d2bdde7057f1,7327,central,568774709,rate,blue
2025-02-22 10:03:18,2025-02-22 09:52:29,desktop-54.wilson-perez.com,5264804247512044917,ERROR,5,WARNING,9157,Simpson-Hunt,10cc7632-a1d5-409a-9ba7-07cc6ebc5b25,2,4,0,18687,6704,9739,full,mclaughlin.biz,jeremyholden,cd8b45f5-9848-4ab3-9532-82328fbdc73d,User,RemoteInteractive,33.149.121.89,22197,dbf946f9-91f4-4bd8-8973-eaa4ccde7ca6,6,Artist type though person.,answer,hand,933855be-d9ea-408f-8e95-f7aefd5d7153,2011,in,636632497,charge,claim
2025-02-22 10:34:14,2025-02-22 10:09:53,db-22.hampton.com,-2496527101324873079,INFO,2,ERROR,7981,Davidson LLC,10289dbf-2923-4b0c-b50e-b7078c28bd1c,4,4,4,31792,4939,4813,claim,mcdonald-thomas.com,spierce,547d44cf-dbf2-451d-8c19-6db5c6f1bf9d,User,RemoteInteractive,38.224.190.119,33309,7b7abd17-c5dd-4f30-b603-05ea192555a7,1,Note early adult decision.,clear,speak,94fc1a1a-a8b1-4a89-91ce-363b461aed3f,1420,somebody,717,discussion,into
2025-02-22 10:01:10,2025-02-22 10:15:35,web-56.moore-wright.biz,-7553886097605272347,ERROR,1,ERROR,7578,"Lopez, Baker and Rocha",c5725fbd-d532-4bd0-a0cc-1373e8c10f66,5,5,3,30902,5264,8725,nothing,baker.com,lmcbride,ff461c94-485b-4890-b9fe-26fc87be5435,User,Interactive,212.88.123.151,35379,b1683f6e-3a6e-4330-974b-ab114d6acfd2,1,Girl watch sit try.,mean,should,7d1e2619-a73a-4dc2-bbec-97e733d303ea,1598,improve,847919429,none,citizen
2025-02-22 10:04:06,2025-02-22 09:56:10,desktop-78.cooper.info,5885438580432863234,ERROR,1,WARNING,6251,Gonzalez Group,42a08e88-960b-4e98-aa6f-55d73c343589,5,5,4,24492,2388,2362,crime,oneill.com,wsmith,b53ab6e8-05cb-4740-bc27-e37bf816591f,Admin,Interactive,48.14.140.178,28736,b45607ae-476d-46f8-a879-0ca992036135,2,Wind travel picture police.,but,about,13669242-9ca6-463f-b9e1-bcb556330351,2044,participant,36246,light,and
2025-02-22 10:42:45,2025-02-22 10:46:47,db-61.hernandez.org,-589240116577021861,WARNING,3,INFO,7927,"Maddox, Scott and Simmons",3e735a8d-5c7f-4e90-a624-a0d27aca858c,5,1,2,20234,3576,7790,herself,ward-white.info,gibsonkenneth,81666735-493a-43e7-a942-9167c9f73430,Admin,RemoteInteractive,53.207.21.51,16462,332f9c0c-5de3-4991-868b-2117f2f31aff,3,Meeting deep list too present president.,meeting,however,43921488-bdbc-4c21-a021-d5dbd36c89d8,8934,report,72679358,lead,its
2025-02-22 09:53:52,2025-02-22 10:36:13,db-96.howell-garcia.com,8638592502218261295,INFO,2,ERROR,3472,Watson and Sons,0836ea1e-5175-4227-aeed-259bc6f29857,4,10,4,43649,1551,5259,walk,richards-nichols.net,roblesstephanie,d25e0c1b-2549-4ec2-afa9-f70b10424464,User,RemoteInteractive,26.216.111.45,46189,ee0a25f1-5cb3-4b09-b714-c5654e53ddf2,9,Meet everything best inside.,now,air,d9899490-6c78-4fc6-a746-33ea2c500c67,6702,fund,613752836,administration,toward
2025-02-22 10:39:17,2025-02-22 10:40:39,db-92.moore-riddle.com,-1481187459520895597,INFO,3,ERROR,5042,Lynch-Todd,a15703a2-2369-45aa-bb3b-491cee1afb21,5,10,0,23924,9778,8053,attack,lopez-jordan.net,ngallegos,f08679c6-9cff-477b-95e2-71231a0525f5,User,Interactive,1.146.69.125,32204,98657623-922a-49cb-8305-d48abb1cb48c,10,I kid assume quickly.,gas,still,e458003a-86bd-4724-9335-dd5d5cf01559,6147,although,745974,break,when
2025-02-22 10:45:11,2025-02-22 10:09:22,db-47.evans-torres.biz,-8473959529563024111,INFO,5,WARNING,7760,Smith-Evans,67d60b68-10dd-407a-905c-37aef546ec29,4,0,1,20181,4766,3900,turn,schultz.com,lovemarvin,369a72c8-8285-4280-86c9-c4037ff93cdc,Admin,Network,141.183.24.108,22955,de71aed9-ef55-4620-87ec-7b2ad9431a66,10,Raise true animal country need today.,administration,career,3d3a27c4-ff32-40d8-86ac-2931aac9c9e6,9901,citizen,71,where,fear
2025-02-22 10:32:08,2025-02-22 10:25:20,srv-06.jones.info,-8800084322209753785,ERROR,5,INFO,3862,Thomas LLC,df8a112a-d262-4278-aa97-076a86b79c89,4,1,1,14746,3340,6504,move,lopez.net,banksvanessa,b771ee7f-b3aa-411d-9a21-91acdd73f7fe,User,RemoteInteractive,77.247.33.107,46173,b0aab1b0-f961-4b7b-a048-3c8aa7363c34,7,Material center citizen.,drive,rather,13b11b18-b9b3-498b-b9ac-82c5726a2c48,2679,become,2559666,every,moment
2025-02-22 10:00:42,2025-02-22 10:32:10,lt-60.patrick.com,-4418281898216714627,WARNING,5,ERROR,9333,Simpson and Sons,a4470b22-76de-46aa-bcd7-9b8efc547e00,2,8,0,39692,6930,2991,picture,callahan.com,barnescathy,7d9874de-8c33-497c-a442-2624a1a31b3b,User,Interactive,36.182.58.19,18506,2ce03f20-6c99-4afe-a493-3e9d1ddfe0df,10,Hit stay itself own safe information write.,eat,pass,78386a2f-8c1a-44e5-a04d-f5055cf0928b,1250,play,171234,doctor,focus
2025-02-22 09:55:12,2025-02-22 10:18:34,srv-04.jones.org,-7531280033130526786,WARNING,1,INFO,2929,Wilson Group,e9234ec4-e75e-41ea-855b-dbbad6899c49,0,8,1,27030,9047,2054,lay,hayes.com,woodmichelle,18253629-0550-45b8-9e47-7322d6728570,Admin,Interactive,137.192.245.17,63845,e51a6903-6d78-4212-aff8-278a19eb3b3b,8,Account system right share building this.,hope,report,dbf708b4-7137-4ea5-bd50-ae2bffef37ed,3123,style,67094,improve,including
2025-02-22 10:42:31,2025-02-22 10:42:56,desktop-88.arroyo.com,-8835992902620705757,INFO,1,INFO,4809,Schneider-Burns,e75d3eea-780f-4391-b9f5-110b9112a030,3,5,4,21915,5106,8378,become,mcdonald.com,briannapage,b7dcc8fc-3839-4975-9718-54e0e0b9fa79,User,RemoteInteractive,61.164.112.213,26630,c0d98904-1a5f-42de-a4b0-cce7b55295c7,9,Political particularly religious job future local point knowledge.,recognize,live,8584ba3e-acb9-4fcf-9f0e-dea8f5c68aaf,2674,very,71126014,majority,military
2025-02-22 09:49:24,2025-02-22 10:01:49,db-40.simon-nelson.com,-345348427599023279,INFO,4,ERROR,3864,Sanchez-Davis,25b9f948-a7e2-4637-8bfe-3581d38226ad,4,5,2,43581,6367,5639,month,houston.info,hpena,c599bc0d-c4a4-42c5-8bbf-ce23ee474a57,User,Interactive,169.81.216.16,35456,324fcd7e-fe30-4bac-92b5-800e19d2b940,4,My life fast or picture many.,institution,red,87dd321c-256f-4f0e-9f75-82e19671d345,1044,commercial,60588,street,bill
2025-02-22 10:47:02,2025-02-22 10:16:05,srv-29.cooper.com,-5286858916835668293,ERROR,3,ERROR,1632,"Haley, Velez and Romero",3069ee0a-65e8-4786-a25b-89fdbacce3cc,4,1,0,8895,9172,3691,few,kelly.com,huberleslie,28292c1a-4f8d-438a-a23a-e7d8b72b962d,User,RemoteInteractive,189.115.144.156,11085,33ab2a9d-83ac-4d48-b86b-bdd546d43132,8,Contain public national no place a system condition.,large,another,9a4c14ef-3354-485b-bff3-74ac9896fa8a,6331,rest,5,environmental,responsibility
2025-02-22 10:10:48,2025-02-22 10:39:47,srv-58.rivera.com,8588180395507204711,INFO,2,INFO,7292,"Montoya, Escobar and Lang",716de80e-e23f-4cf3-94e3-dbfc2c7fc51e,5,0,5,41700,6667,7399,trade,garcia.com,kelli51,cbe60c21-9892-4849-b2ca-038ba7c9069e,Admin,RemoteInteractive,50.203.43.8,59183,8f2173d7-91d7-4b0f-8f0c-8e4358b6f4fe,3,Them few imagine theory.,speak,seek,531c0009-2159-4bcd-98fd-9ae5a5a42aba,3563,benefit,690378419,good,bank
2025-02-22 10:33:51,2025-02-22 10:25:53,db-13.white.com,2021222788924760061,WARNING,5,WARNING,3150,"Jones, Collins and Curry",5abdd740-8af5-41c4-86e0-73a88d28d12b,1,6,1,21620,6736,8251,traditional,lucero.info,jamesguzman,308b41d2-2372-4f67-aa8b-e2baf043f40a,User,Network,89.171.22.7,22613,3fde9304-c1cf-4113-8a94-794ef7745c13,3,Report raise mean seven treatment service.,teacher,list,640fb302-64fe-4513-b92d-356f131b8bb5,9517,point,9328357,series,total
2025-02-22 10:44:00,2025-02-22 10:14:37,laptop-20.rodriguez.com,1444849669571037973,INFO,2,ERROR,5792,Scott-Thompson,8fefad8f-eb52-448a-8444-d034649d0934,4,3,4,13706,6746,9372,school,kennedy-phillips.com,ashleymelendez,8c7f228d-952d-4207-a5d7-60203445f7d9,User,RemoteInteractive,128.199.164.251,49754,19337713-e1d0-426f-8e01-dc5664f29e17,5,Management detail other measure address student should form.,investment,in,10e738f3-762d-4ce9-bb75-be33cb2dee94,9665,loss,500885,early,accept
2025-02-22 10:35:27,2025-02-22 09:54:20,web-38.holloway-kirk.com,-6931852854035885118,ERROR,3,INFO,1592,White and Sons,84f9c3ce-57b0-4ac3-a2cb-758a68c2f557,3,1,4,29094,6140,9909,if,acosta-ross.com,isanders,98b59493-01f1-4cc4-80e4-97fa567cacf2,Admin,RemoteInteractive,69.222.34.29,18859,d760e95e-e540-45fe-b623-b03c82d65d6d,1,If on these.,window,next,846b9ae1-60af-45b1-b092-e273478f8d34,3404,owner,785,word,dark
2025-02-22 10:14:04,2025-02-22 10:38:43,db-26.greene.info,-2901985106359966711,WARNING,3,WARNING,1052,Davis LLC,7b955127-1a31-4fb9-8667-5d4d36399bf8,1,2,0,22466,9689,4212,thing,cunningham-matthews.biz,chapmanerika,d67d5ec7-2203-451a-8428-a02f8c2bdd00,User,Network,187.111.90.0,41060,5935c57c-81e8-4b45-a492-6887b23ba533,10,Standard low ability we on white seem.,series,approach,8a6baaac-c411-41a5-bd0c-38bbe695cb4b,4304,professional,232231322,meeting,factor
2025-02-22 10:17:43,2025-02-22 10:09:00,lt-39.wilson.com,-1662939341965446,INFO,2,ERROR,6393,"Flores, Davis and Ibarra",9f01964f-b836-46ef-aac3-814fb4e9dd60,4,10,3,647,2146,1898,cup,maldonado.biz,qferguson,b3f0bef2-fc49-4035-aa09-54df829ddeb6,Admin,Network,131.154.239.166,37092,8b0d1324-44d6-44aa-ba9e-008b2b903eef,1,Necessary information opportunity ahead truth air.,apply,analysis,493a7874-b0e6-4ca4-ac6c-1cf2875f8abe,1859,but,70014,bad,weight
2025-02-22 10:27:49,2025-02-22 10:37:32,email-72.baldwin.net,-1149217640863733685,WARNING,4,INFO,5477,Castro-Mendez,d4eb284b-244b-4c3c-9a31-291c60256678,3,9,5,21689,1514,2539,although,marks.com,ojensen,ec8c0956-014c-4b29-9f22-b1b17aac3e51,Admin,Network,68.202.34.45,60994,20ab7692-ecab-43f4-b6b5-2b9550e3bc08,3,Factor treat fill politics east seek.,process,home,59de7484-df8c-46f2-b47f-67cd461ca53c,5031,necessary,160227859,unit,month
2025-02-22 10:43:28,2025-02-22 10:29:23,email-29.stein.com,253690268441572382,WARNING,3,INFO,3030,"Williams, Dixon and Smith",d1c44e28-140f-4d69-bc92-5f3dfd09df48,0,10,2,22874,6626,9547,arrive,smith.com,jacobkelley,5c9400de-b4b5-4f9d-b219-d4821f4e144b,Admin,RemoteInteractive,197.53.0.181,23734,a7925fe0-69f6-4855-87ea-12664850482a,1,Republican power reduce feeling simply trip about.,live,thousand,31a63bb1-5931-4fac-8feb-9e25cd9c69e1,1801,edge,722248,wide,that
2025-02-22 10:27:28,2025-02-22 10:29:53,desktop-45.bowman.biz,4672746466968575725,INFO,4,INFO,5901,Rodriguez-Zhang,84043336-6fb7-49a4-b702-c1a8c96daaf1,1,5,0,16292,6176,8008,magazine,hall-williams.net,margaret25,34eeaf33-418b-48c1-8530-aca604ab817b,Admin,Network,156.106.168.51,64128,75195b47-e912-48ae-881f-1970a3d9e01e,6,Once talk join type.,not,during,05eb73e7-0c8a-44cb-a589-be596424931b,7520,listen,8083296,tend,reflect
2025-02-22 10:31:20,2025-02-22 09:58:05,email-95.hughes.com,-8833774939175332782,WARNING,5,ERROR,4902,Rodriguez Group,16796f5d-fe16-410f-bdf5-b42164c862b4,5,7,1,31612,9227,1546,staff,scott.com,nberg,54ffb9be-4a83-4482-a95c-ae471d9382d1,Admin,Interactive,71.185.142.8,22665,5e6187c1-c002-4ceb-8b26-f6532c46cad5,3,Major area least mother meeting manage time.,strong,against,0ae2c028-356d-4367-8377-b1c3b8215a8f,6095,hundred,30699,research,performance
2025-02-22 10:36:13,2025-02-22 10:18:10,email-12.bryant.com,-1478602613979481932,INFO,5,WARNING,5562,"Rodriguez, Mueller and Nunez",081e7606-b563-4f91-88d9-26d5f7273af4,4,6,1,30068,4790,8160,behavior,pierce-kim.net,christopherray,3a98537f-b814-4954-ac8f-30c22fb45a8e,User,Interactive,59.230.23.218,11492,700f2290-87bf-4b10-b8cb-83c687436226,9,Small goal property practice education whether teacher short.,itself,former,4663f210-2e4e-4c5a-9b5f-36a02b0cd6a2,1435,result,44,figure,director
2025-02-22 10:19:02,2025-02-22 10:23:34,db-72.richards.com,1443062702841547745,INFO,2,INFO,5207,"Foster, Davis and Davis",4906d43c-053d-4eab-a49e-d0239b80a8ad,3,5,2,44777,1748,4073,realize,campbell.com,rjoseph,2b00f575-a280-4b95-a4a8-af73b8f20387,User,Network,101.112.40.204,11573,e6649084-f5f5-493d-8794-4006e9c7d7e6,4,Key certainly story send.,office,there,3cd94c6f-c15b-45f0-9cb1-e26033bccad0,9720,before,13096165,computer,force
2025-02-22 10:05:48,2025-02-22 10:18:19,email-92.thomas-woods.com,-4538863398480283224,WARNING,3,WARNING,9861,"Williams, Williams and Greene",1d731fda-6e92-4f87-9ea2-6fb3807b23d3,5,2,3,34441,4953,9761,mention,bradley.com,uburns,ffa0d364-3846-49b7-b842-ff49fde54599,Admin,Network,172.146.109.207,6895,a44413af-c206-4a27-9259-cc5d563a0e5a,10,Simply task throughout candidate soldier rich.,cultural,the,16e31c6d-cdae-4a9c-b44c-4cb57f66096d,3790,include,63161671,remember,continue
2025-02-22 10:42:11,2025-02-22 10:38:32,desktop-41.hill-chang.com,-3787933397333536884,ERROR,3,WARNING,9692,Cunningham Group,12928dc5-c775-4e0a-ae1f-401e3787fcfd,5,5,1,8122,1690,5845,energy,baker-nicholson.com,collinsnichole,1098708d-5458-43ad-83d3-62c257396afd,Admin,Network,202.235.50.246,12187,985af47a-2568-43dd-af2c-9e4311ce5d1d,8,Purpose offer class scientist early appear finish any.,likely,product,96a91194-6da6-4c8c-b5f5-9c30da952592,4645,small,224,last,long
2025-02-22 10:35:43,2025-02-22 10:36:26,srv-54.collins.info,-6199542843319287490,WARNING,2,INFO,6495,Serrano PLC,2144b286-b074-4f60-81d5-4d0062487696,4,3,1,26984,7328,8464,full,barry.info,robertmontgomery,5ecf06f0-9101-4cf0-abb4-f1095d133c94,User,RemoteInteractive,88.7.193.190,29912,144ae96f-5cf3-4324-a42f-60a0f62a057c,10,Serve road short most push.,important,she,c036a0de-bd17-4006-8fd3-647ca580ebfb,9154,table,19711828,sure,church
2025-02-22 10:15:00,2025-02-22 10:20:23,laptop-31.white.biz,-7142657650973042301,ERROR,2,INFO,4991,Anderson-Garcia,e53b0c10-91a6-448e-bf71-0733a2eaa9c8,4,8,0,45634,9143,3972,hear,taylor.com,uflores,a4e9cb22-5e09-499b-a933-46e751911cdd,Admin,Network,80.34.149.237,38865,1a33be13-c834-4543-9fb7-a1ca29f819f2,2,Lay instead someone among scientist.,prepare,always,353c690d-e672-4f45-a9a3-51cc82a64b91,4525,dinner,1645453,stuff,discuss
2025-02-22 10:17:19,2025-02-22 10:15:52,srv-26.payne.org,-5089113896881347861,ERROR,3,ERROR,5198,Smith-Garza,93e7252d-8b45-445c-97f8-63f1eae0d0d4,5,5,3,36291,6933,4924,subject,harris.com,odonnelljoshua,376b0fe0-be3e-4054-a164-3b49e1e9d2ff,User,RemoteInteractive,52.156.179.169,55785,5170ce28-6be8-41c7-9b7b-3f279d7f97d8,3,Field possible under we fly.,small,participant,c0136ed7-0dc9-475c-81a6-356ce3a9619b,9049,rock,500687,money,card
2025-02-22 10:19:32,2025-02-22 10:09:54,lt-40.walker.com,6789560851828722478,ERROR,3,WARNING,1942,Wolfe LLC,5852f624-4e6d-4cbb-ae8a-c930aad8881d,5,1,2,28286,7146,1237,without,morgan.biz,butlerkelly,c770d6bc-cd56-4883-8953-1727dcfd8b12,Admin,RemoteInteractive,88.69.173.219,18928,1bff70f0-0757-4423-9140-d334d8f38a49,5,Information people television three state.,media,later,04912f77-93b6-439e-88b0-76ce637a81f3,9477,issue,986,score,service
2025-02-22 09:48:51,2025-02-22 09:59:30,email-41.bell.net,1465508396662730308,ERROR,1,ERROR,2087,"Gonzales, Morales and Turner",b286abff-5c73-4156-8c1e-f3cae5209a9f,4,5,1,39695,7742,6817,phone,murillo-jenkins.com,gpatel,f5db9fa8-19a5-4645-add3-5f31b2b2dc20,Admin,Network,169.82.1.204,28731,5d511c32-d192-440a-a556-0f28d6b43e25,10,Why agent in memory green respond.,network,health,57f9f7f7-b426-4c1a-af1d-85ba3642b773,9990,night,915727,enjoy,those
2025-02-22 10:18:55,2025-02-22 10:06:36,web-15.richardson.info,-5614616649796033576,ERROR,3,WARNING,3408,"Black, Olson and Monroe",75a05340-63d3-43a5-80f3-937569d96a23,1,6,4,10233,4357,9709,bank,morrow.net,dawnrogers,4eb3e368-b479-4928-a430-279a1997f150,Admin,RemoteInteractive,187.127.118.249,33673,0a087636-69d9-4e25-b7ce-ca450ebbc173,4,Report force art price son.,government,plant,49a72351-3d3c-477a-89c6-a6412c7c5ce0,5774,only,35462452,despite,move
2025-02-22 10:23:54,2025-02-22 10:36:42,desktop-35.li-boone.com,-1183040920683606043,WARNING,1,WARNING,8245,"Jones, Tucker and Jordan",926677a2-0725-4a0c-94b5-f7559519bef9,0,3,2,31302,2763,4846,above,robinson-crawford.com,thomasritter,78574050-8823-4431-91bd-28e27b59b858,User,RemoteInteractive,197.10.183.9,54656,71498412-54af-4803-a708-cc57c8c2abc7,8,Foot candidate something head group style.,ok,quite,cf33e1d2-20ea-484c-8d3d-bbac32ece654,6085,late,951,later,until
2025-02-22 10:39:22,2025-02-22 10:13:27,lt-30.bishop.com,4608646460328160424,INFO,5,ERROR,1845,"Garza, Simon and Wilson",70343cdf-0a1b-40e1-a15c-af888ba83c25,0,10,5,43007,3841,7814,record,lopez-johnson.com,colemanmegan,4554f69d-cd26-4cd6-bc8e-9cd18eaedac3,Admin,Interactive,39.174.187.144,27917,85fe7ba4-b7b8-495d-a55a-5777db9658f4,9,Design any treatment through owner hundred decade up.,push,street,2907e16e-2deb-4f7f-af2f-f0f145952ae4,9258,officer,18,benefit,issue
2025-02-22 10:27:56,2025-02-22 10:14:36,db-39.acevedo-mills.com,-2081482707579645129,WARNING,5,WARNING,4218,Ellis-Hawkins,d95a6929-744f-4ab0-9f60-a5bebdfb7666,1,1,1,8517,7574,8902,item,shannon.com,nroberts,f61dba18-9091-4eca-a267-dfb83ef46e66,Admin,RemoteInteractive,202.147.59.94,37963,58815dbe-5826-4ad6-84f3-277d5c48b8af,2,Large me outside give receive.,increase,bad,378ac431-2321-437a-a85d-5843e7e92c82,7899,we,174921,paper,theory
2025-02-22 10:12:04,2025-02-22 10:22:20,srv-07.wilson-bishop.com,5486360069766770283,INFO,1,WARNING,2215,Harrison-Holmes,1485ff33-c018-4763-9039-8003bcdb85ad,4,0,3,30067,9673,5357,history,lee.com,bowerscharles,d37b9caa-075d-409b-8244-3a2bde965b15,User,RemoteInteractive,74.113.57.74,10060,07981e0f-ba0b-4001-aa6f-97d9118f788e,4,Pass old image attention color certain agency.,probably,trial,af082a7c-0698-4c5c-a7bf-5c4e09428d1b,5564,must,8912165,space,there
2025-02-22 09:52:26,2025-02-22 10:12:04,laptop-22.mckay-williams.com,-6575230036073533485,INFO,2,WARNING,7300,Wood-Ortiz,82e2b538-b7d3-4ae6-8146-f4518841eca2,5,5,2,25678,6066,3560,chair,wade-wells.com,vlee,a5c9f9f9-20c8-44a7-b335-73e5fd66ce66,Admin,RemoteInteractive,206.242.31.78,5625,a8dd2810-c130-4cd4-a577-192e7eef8f75,5,Thank college clearly he may.,resource,available,b8c1a7fb-8996-467e-92df-98bd381cab89,2838,claim,60254004,manage,language
2025-02-22 10:48:07,2025-02-22 09:50:40,desktop-36.andrews.com,-8362132641564008554,ERROR,5,WARNING,8617,"Hill, Davis and Poole",febfc588-8005-47ef-9bd8-35ac041471b8,4,4,0,14004,3673,3376,size,rodriguez.com,hcoleman,6b0add6a-0544-4502-971a-d81de6c2a75d,Admin,RemoteInteractive,146.240.101.90,17685,a16ed4fb-6878-4ff0-8a4b-2a56db6f7702,7,Near hotel market mind medical.,usually,life,cd1da49d-25c5-436f-b54a-d0a569f739eb,1097,thousand,65,sing,clearly
2025-02-22 10:30:12,2025-02-22 10:33:26,laptop-95.jordan-fry.org,5035904514309686533,INFO,4,WARNING,4350,Logan-Mckee,beb00078-c0ac-4316-ac4e-917196748bea,3,0,2,48695,2657,1672,return,campbell.com,carlsonmarc,f1a4b225-afdf-45ce-8563-009423c73990,User,RemoteInteractive,106.4.138.224,56164,32bb2c1c-e656-45d8-9e86-7c8dd4210aa6,8,Save government industry force animal.,speech,white,fd715f39-c6cf-40d6-b9e8-a64631925bb0,8610,outside,74906,general,for
2025-02-22 10:03:09,2025-02-22 10:00:59,db-75.taylor-snyder.biz,433463752790121044,INFO,2,ERROR,9662,Baird-Finley,3316bcf1-b1e1-4050-a2b1-e47eeb11dac5,3,6,2,31544,9628,6187,day,chapman-williams.com,vanessacompton,c870fb65-442c-48ad-8e86-41ae3a50b28f,User,Network,167.45.210.143,32526,970140b1-c1dc-4235-9ae0-3a0b13e6c0ff,6,Same artist guess.,stop,although,aa8de05f-17f5-4f0b-bb97-bf5925e432ec,5418,garden,588107,evening,be
2025-02-22 10:21:28,2025-02-22 10:36:23,desktop-72.morris-park.com,5314942852075618136,WARNING,4,ERROR,6479,Rodriguez Ltd,01ffd6be-18c7-47b2-8591-857c93782ddb,0,1,5,17612,4123,2868,oil,gordon.com,nguyenleslie,bcc76aca-14bb-4291-bbfe-45770366cdd4,Admin,Network,208.86.90.249,29792,afb733da-3bb7-42b5-8fe9-9f37ba024e28,9,Oil whom admit ago.,pull,against,9b1d6a43-cd10-4851-bce5-97bf79dcf971,7480,health,317,threat,subject
2025-02-22 10:07:57,2025-02-22 10:00:22,web-55.vasquez.org,5902060915621054377,INFO,1,WARNING,7168,"Fernandez, Miller and Davis",d74329ec-b904-41d9-99f7-e38e5fe817de,0,8,5,41637,7959,1491,find,rogers.com,ryanroman,c6d0baca-6e68-489d-8769-41651d8bf9c3,Admin,RemoteInteractive,10.171.116.153,55528,d387566d-75a8-4890-a3a8-a30d137c41bb,1,Floor avoid heavy affect should from prepare attorney.,class,yeah,f3b67ee9-b866-4eb5-9714-9f4ad2266b59,3860,natural,913666951,certain,drive
2025-02-22 10:24:25,2025-02-22 10:41:16,lt-14.smith.com,-8389874264669006825,WARNING,1,INFO,3315,Cochran and Sons,b17fd965-679b-4956-89fb-b815555157aa,1,0,4,23796,9198,9168,success,jenkins.biz,heatherblack,5ed9f8b4-0e7c-4266-a183-ad69cde0ff18,User,Network,165.82.114.216,59319,4215405f-13f5-4141-a4c3-cc4bd1b1e9bd,2,Positive mean front stage never.,theory,ten,e3e88d51-4ff0-4808-aa19-15f8ecb21834,8236,moment,1276538,decision,school
2025-02-22 09:51:58,2025-02-22 10:14:42,db-53.zavala-martin.com,-4111942604190526833,INFO,1,INFO,4585,Mcdonald Group,73b53dfa-d7d3-48ed-aa29-0d2fd2ef63cd,3,6,0,31538,5714,7584,quality,gonzales.com,wongdaniel,4fe9ea62-e6de-453e-854d-008c04dce046,User,Interactive,105.2.130.191,60493,da5f5291-50cf-483a-9856-19b82d64c401,6,Be course allow use.,box,instead,c3c37d02-e176-4939-a92f-44a1d35e2729,6095,public,48,mean,side
2025-02-22 09:56:30,2025-02-22 10:34:20,lt-20.burke.com,-3320881461777695971,WARNING,3,INFO,6876,Arnold LLC,57d33e3a-3dfd-4c54-a19b-8ec31972a09d,5,2,4,14809,4742,1873,that,edwards.biz,davidmiller,2af4e21d-95a2-4e17-becc-eb8bddccc059,Admin,Interactive,150.235.43.212,14572,0dc4fa02-2541-4dba-b963-1c1097c2cc61,7,Up work town field through.,poor,out,e7b9ae16-4679-4f81-a32f-d39963ffbe77,8014,beat,59,every,picture
